zlm	Bahawasanya pengabaian serta penghinaan terhadap hak asasi manusia telah pun mengakibatkan tindakan terkutuk yang telah melanggari perasaan hati umat manusia, dan munculnya sebuah dunia di mana manusia akan menikmati kebebasan berucap dan menganut kepercayaan serta kebebasan dari rasatakut dan citarasa telah pun diisytiharkan sebagai aspirasi toragung seluruh umat manusia.
zlm	كماهوان رعيت هندقله منجادي اساس كويباوأن كراجأن; كماهوان اين هندقله دبوقتيكن ملالؤي ڤيليهنراي بركالا يڠ سجاتي يڠ مان هندقله دأداكن سچارا سجاڬت دان سامرات دان هندقله دأداكن سچارا اوندي سوليت اتاو ملالؤي اچارا ڤڠوندين بيبس يڠ كتارا.
zlm	ستياڤ اورڠ عداله برحق كڤد ڤلواڠ سامرات كڤد ڤرخدمتن عوام دالم نڬاراڽ.
zlm	Setiap orang adalah berhak kepada semua hak-hak dan kebebasan yang termaktub dalam Perisytiharan ini, tanpa sebarang apa jua pembezaan, seperti bangsa, warna kulit, jantina, bahasa, ugama, faham politik atau lain-lain fahaman, asal-usul bangsa keturunan atau sosial harta-benda, kelahiran atau apa-apa taraf lain.
zlm	Setiap orang adalah berhak kepada pekerjaan, kepada pemilihan pekerjaannya secara bebas, kepada keadaan-keadaan pekerjaan yang adil dan berfaedah baginya dan kepada perlindungan daripada pengangguran.
ztu	Wzahahn ra:a'p deree'ch guuny escojeer xi cla's deh educasyoony ga:a'p zhii'inyrih.
ztu	Ra'ta' bu:unny ra:a'p deree'ch te'ihby paag jwua'st pahr ze:e:i'ny nih ruhny bu:unny.
ztu	Ra'ta' bu:unny ra:a'p deree'ch pahr guuny participaar loh cultuuar x:te:e' guee'ihzh.
ztu	Ra'ta' bu:unny ra:a'p deree'ch pahr ga:a'p desca'annz. Nye:e'c te'ihby bu:unny quei'ty guuny ze:e:i'ny demaasta'. Chiru' na:a pahr gaazh bu:unny bacasyoony.
ztu	Ra'ta' bu:unny ra:a'p deree'ch pahr guuny bu:unny ze:e:i'ny, pahr ynna:a'az bu:unny ze:e:i'ny nih rca:a'z bu:uny, pahr ga:a'p bu:unny te'ihby lahty que'ihty guunyza'c bu:unny ze:e:i'ny. Chiru' ga'c bu:unny protejeer chih quei'ty ra:a'p bu:unny ze:e:i'ny.
ykg	тэт омо, аруу, ньаачэн сурэ, тадаатэ эрэльиигийэ хуодэдэ банулги, тэт кэйп уури паайп ҥолул;
ykg	Көдэ йаԝнар тудэ интэриэспэ чоҥнулҥинь профсоюзлэ ԝиэрэҥ, тадаа чилиэн ҥолуол-мораԝ параԝааньэй.
ykg	Научнэй, литературнэй тадаатэ художественнэй чаҕадьэлпэҕа автор ҥодьэ көдэ, таҥ тудэ ԝиэйуолҕа көдиньбандьэ поҕодэлэ-нэмэлэ мэдьуол-мораԝ параԝааньэй.
ykg	Көдэ йаԝнар социальнэй чамбалэ мэдьуол-мораԝ параԝааньэй. Тадаатэ личность дитэ ԝарумулҥинь, көдэ йаԝнар экономическэй, социальнэй тадаатэ культурнэй уобаласпэҕэ толиэйуол-мораԝньэй.
ykg	тэт лэԝэйнбурэбэ чамуолги уури йукуолги, мөрдьэньилги уури элмөрдьэньилги;
rgn	la presènta dichiarazioun universèla di dirét umèn cumè ideél comun da cunquistè da tot i popli e da tot al Nazioun,s'u scop che ogni individui e ogni urganismi dla società, tnénd sempra presènta stà Dichiarazioun, u s'impègna a lavurè, s'l'insegnamènt e s'l'educazioun, prì u rispèt at stì dirét e at stlì libertà e ad garantin, miténd in àt iniziativi sempri piò numerousi at caratri naziunèl e internaziunèl, l'universèl e concrét riconoscimènt e rispèt, tent tra i popli di stés Stèd mémbri, quant tra quéi di teritòri che i è sotopost mla su giurisdizioun.
rgn	Ogni persouna la à dirét da fundè dli organizazioun sindachéli e dèi la propia adesioun prì la difoisa di propii interis.
rgn	Considerèd che una concezioun unitèria at stì dirét e at stà libertà la è fondamentèla prì la completa realizazioun at tot stì impégn; L'ASEMBLEA GENERELA
rgn	Considerèd che l'è indispensabli che i dirét umèn i sia difois da lègi, se u s vò evitè che l'om u sia custrèt a ricora, cumè utma pusibilità, m'la ribelioun countra la tirania e l'opresioun;
rgn	Ogni persouna, sènza nisuna discriminazioun, la à dirét m'una uguèla retribuzioun in cunfrount m'un uguèl lavour.
duu	Avzangf gongxhuix lev zufzix ningx canxjiax lixyix lev weivhux juanvlix alf.
duu	ccax Sixjiex Renvjuanv Xuanxyanv faxbux, renvminv ningx guivjiax nuflix sivxianx gongxtongv byoxzunf zzux, avzangf ningx sexhuix jixgyx avdangxmyvdangx ccax xuanxyanv lev mitx jyoxhuix ningx jyoxyux mix juanvlix ningx zyxyyv zunxzongx cuxjinx, guivjiax ningx guivjix jianxjinx coxsix mix, ccax lev juanvlix ningx zyxyyv huifyuanv guiv renvminv ningx jjiapx avmrax renvminv avnyx pufbyanx ningx xioxgof alf cengvrenx ningx zunxxingv lev byv tonx.
duu	Avzangf sexhuix lev zevrenx alf, sexhuix dov goxxingx zyxyyv ningx congxfenx faxzanf lev topx gnif.
duu	Avzangf max syvnax jyoxyux topx juanvlix alf. Jyoxyux ngul manx gyx nyv, taiftaix jingf cuxjiv ningx jixbenf jiexduanx exwax sax ef. Cuxjiv jyoxyux yixwux xingx sax ef. Jixsux ningx zyvyex jyoxyux pufbyanx sexlix sax ef. Mrangf jyoxyux cengvjix cax avzangf max lev tanf sax ef.
duu	Avzangf guivjiv alf juanvlix alf.
nhn	Pampa nojkia tlauel moneki ma kuali timouikakaj, ma tielikaj keuak tiiknimej, nochi tlen tlakamej uan siuamej tlen tiitstokej ni tlalpan.
nhn	Nochi tojuantij tijpiaj manoj ma tikinmatiltikaj nochi tlen ni Mexijko tlali euanij uan tlen anali tlali euanij (otros países), para nojuaj tiitstokej, nojuaj tiyoltokej, ni timaseualmej tinauatlajtouanij; uan yeka moneki melauak ma techtlepanitakaj para ijkinoj tojuantij nojkia titletepanitasej uan tikintlasojtlasej sekijnok touampoyouaj.
nhn	Nochi tijpiaj manoj ma timomokuitlauikaj uan nopeka tlaj tijchiua se tekitl tlen amo totechpoui o motechpoui, moneki ma techtlaxtlauikaj, uejueyij tekiuajtinij tlanauatianij intechpoui techpaleuisej, para tokoneuaj ma kipiakaj tlen kikuasej, tlen mokentisej yoyomitl uan tlen ika mopajtisej tlaj nopeka se kokolistli; ijkinoj nelia kuali moiskaltisej uan ika itekiyo kiueyitilisej ni toMexijko tlali.
nhn	Pampa tlaj amo tikixmatij tlatepanitalistli uan tlen kuali nemilistli ipan ni tlalpan, yeka onkatok kualantli, onkatok tlateuilistli, onkatok majmajtli uan sekinok tlamantli teixpanolistli; yeka moneki ma kuali timouikakaj ika nochi touampoyouaj, ma amo onkaj majmajyotl uan teixpanolistli; moneki ma onkaj yejyektlalistli, ma titlajtlajtokaj uan ma tijneltokakaj tlen tojuantij tijnekij tijneltokasej uan amo tlen ma topanti, kenke, pampa tijnekij ma onkaj tlatepanitalistli.
nhn	Nochi tlakamej uan siuamej kipiaj manoj kuali itstosej, amo akaj ma se kinixpano, kipiaj manoj nemisej kampa inijuantij kinekisej uan amo uelis tlen impantis.
lot	ibariti, elulung iko emanyiti (laws) hun obengi to ohoro elotulo iko abolori honyi.
lot	emiri on onyimuni isi to nawahan hosi.
lot	nerre hun obengi arai eyyataimiri kuyya nehenita hun olufaji to jyo
lot	hode. Ahode hode ana outback iko ahode hode iwatari iko egigilita.
lot	ana ara ewojit arabotye ano aati iko amisik huto fau dang itacunguniere
bfa	Karen ŋuto ködyö kata ko toďiri i karen jur ko i karen pirit i komoŋ na saret.
bfa	Sebur Anthony Lodu & Gordon Lucy Kiden.
bfa	Lele ŋuto ködyö ti bulö moka ‘bakan na saret, rereka kode riköji kaŋo kanyit i jur.
bfa	Ŋutu liŋ agi gwon jojo kode ti nyunyumö i komoŋ na saret lo miri. Lepeŋ ködyö agi gaya jojo ko saret. Ŋutu liŋ ködyö gwon ko gayet nageleŋ ‘bak nene nyunyumet kode laŋa na kilo saresi töki kode konesi nagwon ti temakindya i kebbu na saret lo jur.
bfa	Karen ŋuto kata ko toďiri nagwon bubulö gwon ko toro’bo kanyit kode töki bubulö gwon i momoret ko kulye. Lele ŋutu ködyö ti bulö ryaka kode joŋari toro’bo kanyit kaŋo ‘bak saret.
ibb	Kpupuru owo enyene unen ndiworo nda ke ebiet kiet ekededi nte owo emi enyende unen ke iso mbet.
ibb	Owo inyeneke ndisin owo ndomokiet ke idak ndutuho ye ibak. Nko owo inyeneke ndino owo ufen emi midotke ndino owo, mme ufen emi edide nkpo but ye esuene.
ibb	Owo ekededi enyene unen ndibo ifiok nwed. Edika ufok nwed edidi ke mfon akpanakpan ke akpa ntono. Eyenam kpukpuru ndito-owon eka akpa ntono ufok nwed, ke mmo emade ye ke mmo mimaha. Eyenam mme asana asana ufok nwed ukpep uso, udom-nkpo ye ubok utom edu; kpa ntre nko eyenam mme ufok nwed nta ifiok edu eno kpukpuru owo etiene nte ukeme mmo edide.
ibb	Owo ekededi enyene unen ndiduk nka ye esop ekekedi emi enye amade, emi onyun asanade ye emem.
ibb	Mboho Edidiana Kiet Ofuri Ekondo enehede ebiere ndimum nkama, ndisuan etop mbana, nyun mkpeme mme ndamana unen kpukpuru owo. Ediyime ndinam utom emi oto ke mbet emi Mbobo Edidiana Kiet Ofuri Ekondo ekebierede emi eneherede osonode mbuotidem kpukpuru owo ke ofuri ekondo abana mme ndamana unen owo ye uku mmo ye se owo odotde.
tdt	Ema ida la bele moris hanesan ata; sei halakon hosi raiklaran hahalok ne’e be lori ema seluk moris hanesan ata.
tdt	Uaihira foti lia ruma hasoru ema ida, molok sei dauk halo justisa, ema ne’e sei hatán nu’u sala laek; afoin sei fo mos fatin atu nia hetan tulun hodi tahan-án iha justisa laran.
tdt	Fo tada iha Deklarasaun kona ba Ema tomak nia Direitu atu hatudu dalan los ba povu tomak, ba nasaun tomak, nune’e ema tomak, klibur tomak, ukun tomak, ho neon metin, buka hanorin, hanorin lisan los, hodi habelar ema nia direitu ho liberdade; halo ema tomak tuir lia ne’e be fo sai iha nasaun ida laran, iha nasaun seluk laran, hodi moris tuir dalan ne’e be Nasaun tomak foin fo tada iha Deklarasaun ne’e.
tdt	La bele dadur let, la bele kair e duni sai naran ema ida hosi nia rain.
tdt	Ema ida la bele haruka ema seluk atu tama iha klibur ida laran.
que	Mana pi amsa ucuman apanga pandari nishcamanta, imashina nin quiquin llactacunapac quellca, mashcanacungami haum llaquichi, tucuylla allí ricuyhuán ricushpa.
que	Mana pi amsa ucuman apanga, shuctac allpacunamantapes pi surcunga.
que	Yuyashpa imashina llactacunapes mingayta rurashca, tandarishca mama suyupi, rimayta cushcami tucuy runa quishpihuán causachum.
que	Caytucuy nishcacunata tucuyllami yachan, chaymantami huaquichina mana chingarichum; ayllucuna, llactacuna sumaclla tiachum, mana chayshu cunaman quichushpa, camishpa, millashpa. Llactacuna alla shayarichum, quipa mana huacangapac.
que	Yuyashpa imashinami llactacuna tinguinacushca HATUM SUYUPI, catishpa alli yuyayhuán quella rurashcata, mana astahuán runacunata llaquichichum sumaclla cari, huarmicuna shuc maquillahuán causachum; chaymanta ninchic, puricunahuán shucla pachaman chayashum quishpicunahuán.
nku	Yʋʋn lɛ yʋʋn pɛɛ hʋn maan hɛ zʋnŋɔ tɔsɛɛ.
nku	Hɛrɛ bɩlagɔ rɛ lɛ hɔ tɩɩnka bɛ ɩgooyoo bɔ gbɛɛɩnŋɔ mara wɩnnɩn. Hɛrɛ lɛ hɔ dɛ bɔ ji mɩɩn hɔ ya bɔ nɩnsɩ yʋgɔ kasayɔ’n lɛ dan.
nku	Haa ya bɔ gbe yʋʋn wɛɛ lɛ saa tɛtɛgɛ’n jɩgaɩ, laa lɛ dɛ hʋn yʋgʋ bɔ saakɔ rɩ laa nɩɩn saakɔ nankɔ rɩ.
nku	Hɔ ya bɔ daa kunlaasɔgɔ, lɛ bugo rɩ. Biin lɛ biin pɛɛ, hɔ ya bɔ daa hʋnrɩ.
nku	Biin bɔ sɩra lɛ bɔ yɩnnan, bɛrɛ hɔ ya bɔ si bɩlag’rɛ koi bɔ kori bɔ yan bɔ biin.
csa	Eyoü sɨ̈ juu lejɨ tsou tsa sɨ̈i tiní nita tsako' mixii chima tsamakaloo lejɨ̈ tsou lekö mukuu.
csa	Ejmo' kio jna juso̱ kio̱jnia i jmo i tsa lɨ̱̈ ta jue'; mojoo tsa ñü' li lijmos ii jusó ijmoo tsa juë' ini e kio tsa ni kï jo̱ kaäs muguɨ ne ekio sia kues ijmonia lejɨ ijnio jnia.
csa	Lejɨ̈ tsou tsa chitoo je̱ juu, ti jmos í le kö ni jmä le kö mukuu lejɨ̈ tsou tsa tö' köní tɨ̈ kau', makou's ne tsamakaloo ekio tsou lii jmo' re kio juu.
csa	Lejɨ̈ tsou tɨ̈ jupií jna tiös kö jau lejɨ̈ tsou mojoo kö re jmos í kios.
csa	Jmeïs tɨ̈ inios e xii nios kio jös.
ppl	Wan su gen se tehemet gitemuwat weli yawi tik uk se techan gitemuwa gan weli nemi.
ppl	Muchi tehemet tiwelit tikpuzuwat wan weli timuchiwat se pal gan mupuzuat pal mupalewia tay ipal.
ppl	Wan tesu welit gitahtanit ne tahtuli su yaha gimati ga gichiwtuk tay inat ipal u tay yawi ihpak tay ipal ne sen talmet.
ppl	Muchi tehemet tiwelit ga muchi tigenga munextia ga gigagit ga se gal puli gan tatuktiyat u gan muweli pal gitat tay ipal tay ginegit ma gichiwat u pal gitat su yek u te yek tay gichiwa.
ppl	Ini tay tupal wan tamagixti tesu weli qak tesu tiknegit qak te tiknegit tay su tiawit tinat tay tesu yek pal ne sen talmet.
aar	Ramad yallih gino kinniih, ayyuntak rakiibo ; doolat kee ayyuntal cakkik le kaa dacarisaanam.
aar	Ta garwa kee curriyyatitté, faxe gurral galli-maroh madmoomi kee radmoomal sadu takkem ma xiqta.
aar	Kulli num oftoyuuy, gabâ-geytooy, kaadu taamah udduruy ceelay caddo le kee waqdiik waqdi geytima meklima ruksat geyaamih gar le.
aar	Kulli seehadayti agattiina gar le.
aar	Ayyunti fayxi doolat reedah rakiibo kinni. Ta fayxi saytun waraaki-qidoy waqdiik waqdi takkey, sinam inkih edde tangalel baxxaq’simtaama.
orh	Beyel gerbe pingdeng chalin pingdeng chuanli bishi, chishi-ye e-baka-yi-tin.
orh	Beye gerbe-re, zhiyu zhiye-ye shuan-na, gongzheng bineken heshi gerbe-re tiaochan-a baka-ra, shiye-ye bimian-a bozhang-a baka-ra chuanli bishin.
orh	Beye zhiyu shehui-ngi wenhua shenghuo-yo chancha-ra chuanli bishin, yishu-yo shangshou, kesho bineken fuli-ye-n baka-ra chuanli bishin.
orh	Beye heping zhihui bineken zhishe-re zhiyu bi-re chuanli bishin.
orh	Gerbe irgen gongzheng bineken heshi chalin-e baka-ra chuanli bishin, nuganin bineken zhuu beye-wi beye zhunyan fuhe-re shenghuo tiaochan bi-yi-tin, biyo-du chita fangshi-ngi shehui bozhang-a-n baka-yi-tin.
niv	Айф вавиныкғун куғытн тʼоӿтт ӿаӻай нан вавнд заключайдғун.
niv	Нар̌ӿаӊгиск пʼсарӻофтоӿ ӿара досугроӿ ӿара адяй орбот муғф мыкср кылқаврра адяй юскиф ивра ӿаӊ периодический отпуск ивра ӿаӊ право ивд.
niv	Чу – пʼӿоӻара, сикак маӊра ӿаӊ общество ячейка ӿад, обществоух ӿара, государствоух ӿара ӻонинд ивд.
niv	Пʼи правоғун ӿара куғытндғун ӿара осуществляйӊы нивгун сик энадғун правоғун ӿара куғытндғун ӿара макр мораль лағнанд эӻзт ныгуна, общественный наманд ӿара сик нивгундоӿ ныӊ благосостояние ӿара демократическое общество ивд ӿагур̌.
niv	Нар̌ӿаӊгиск гражданствороӿ право ивд.
ijs	Fun tolumo yebi kim’ tobou mie bolou buo mo ye, mani umie ni wo gomu yo nimi, wo parain nimi bara nimi, nda mani lbemo-lbemo mie dudu tari, doo na okpo se piri ye.
ijs	Kimi ine yerin buo, zii, wari, eniakpo kimi gbein ni, bisa bo ugula gbawari bo yebi aki mu da ba, zini bo eniakpo zini opu kuro, yebo bibi tuakumo.
ijs	Kim’se emene ibe ama kiri zoru mo gho suo ngimi yobi kimogha, mani kpata zoru mo tuduo bo emi ebimo kpo eri fi.
ijs	Kimi aki Labara Labara Kori, kai, eniakpo ibe duo kpotugha fangimi.
ijs	Kimi zini bo aki sei bara uyamo dougha, enia kpo, kimi tobou uyamo ngimi ye se kpo dougha.
snk	Saareye do lemiñaaxu nan siri koroosindi daritante kitta lemine su a ga saare kacce ma a ga ma saare kacce, i sun siri tangene moxo baane ya.
snk	Ke dantaqiyi kayiti tonto ku ra nta ñaana jamaane, kafo ma sere su dan ŋa kille kuudo na seron taqun do I du-kiteyun bonondi.
snk	O ga na a faayi nan ti mejanŋaaxun nan siri ñaana jamaanun naxa.
snk	I ga da sere su bitta, a raawa telle moole jamaane tana.
snk	Sere su nan siri xaranŋa, xaranŋunde ke jonko nta a yi xarankonpo lenmu ki. Haadama renme su nan fatanta xarankonpo lenmu ku. .I nan gollen tuwaaxun xaranŋen ntalan wuñini katta haadaman ŋa. Sere su tuwaaxun ya na an rondini meyisi xooro ku.
hms	Jid jiangt ad leb sib gieb renl njanl xand yanl nend, geud gangs yad yad nangd guel giad gaot leb leb nex geud jid chud piaod zhenx. Gangs mix hneb hneb jid pud jid ngheub, jid zheax jid sheab, nex chead zend zhongb njanl lib gaot zib youl. Tongd guob guel giad nhangs guel jib nangd cuob sid, gangs ad baob njant lib gaot zib youl nend, nib yad yad nangd guel giad nangd renl minl dad ndub,leb leb seat chenl renb gaot zend xinl.
hms	Jid bloud nis shend chenx nangd gaot jid benx nangd sheb huib dand yanl,lies mex sheb huib gaot guel gial nangd paot hub.
hms	Leb leb mex njanl lib jid sheub blongl wud nangd guel giad, wud yab mex njanl lib jid nzhangd lol.
hms	Ad leb nex nib xinl six wud nangd njanl lib nbangs zib youl nangd ghob ngangx, mex fal lil lol xanb zib wud, ad zhongx xanb zib nend nis jid weib goud neul goud zheit nangd nex nangd njanl lib nhangs zib youl, yeab nis nib ad leb minl zhut nangd sheb huib dad nzhongb nangd xid yaob.
hms	Jex gangs geud jid leb chud noul lil, jex gangs mex jid guant nis ghob nhangb nangd noul lil zhib doub, jex gangs nious gaot mes noul lil.
cjy	谁的私生活、家庭、住宅和通信也不敢任意干涉，他的荣誉和名誉不敢加以攻击。人人有权享受法律支应，以免受这种干涉或攻击。
cjy	人人有权要求一种社会的和国际的世道，在这种世道中，本宣言所载的权利和自由能获得充分实现。
cjy	妈妈和娃娃有权享受特别慰抚和打帮。是凡娃娃，无论婚生或私娃娃，都应起同样的社会支应。
cjy	人人有权自由参加社会的文化生活，享受艺术，并分享科学进步及其产生的福利。
cjy	人人有权在其他国家谋和起庇护以避免迫害。
src	s'Assemblea Zenerale proclamat
src	Chie traballat tenet deretu a una paga ècua e chi l'acuntentet, chi asseguret a issu e a sa famìlia sua un'esistèntzia chi siat cunforma a sa dinnidade umana e cumpretada, si si podet, dae totu sos àteros mèdios de tutela sotziale.
src	Onzi individuu tenet deretu a sa libertade de opinione e de espressione. Custu ìmplicat su deretu a no esser pessighidu pro sas opiniones suas e su de chircare, de retzire e de difunder, sena cunsideru de peruna frontera, sas informatziones e sas ideas cun onzi zenia de mediu.
src	Dae cando sunt baganzos, s'òmine e sa fèmina, sena perunu impedimentu pro sa ratza, sa natzionalidade o sa relizione, tenent su deretu de si cojuare e de si fagher una famìlia. Issos tenent sos matessi deretos in ocasione de su cojuiu, a pustis de su cojuiu e in s'ora de s'isparzimentu.
src	Cunsiderende chi su misconnoschimentu e su dispretziu de sos deretos de s'òmine ant zutu a atziones de barbaridade chi bulluzant sa cussèntzia de s'umanidade e chi sa bènnida de unu mundu in ue sos èsseres umanos ant a esser lìberos de faeddare e de creer, liberados dae su terrore e dae sa misèria, est proclamadu comente s'isetu prus mannu de s'òmine,
zro	Kumanu jinia na ichanu ikicha rikuanu cha nuka nukitia aitika jinia ku mirasua.
zro	Kawiriaja kayapi ichanu rikuanu puchaka cha nuka meiri ani akaminu ku kuanu niata jinia ikicha nukichanu panicha cha nuka icha.
zro	Kawiriaja kayapui ichanu na rikuanu ja kawiriaja niata jinia.
zro	Kawiriaja kayapui anajiki kaushicha ikicha rikuanu taikua nuka nukiti ku itiauraja ikichanu akasujuka nuka panicha aramujuo ku ikicha.
zro	Kawiriaja kayapuina ikichanuiki rikuanu kupanimajicha quehaja ta nuka iki nuka kujinianu ku ikicha kayapi.
mxi	Considerando que la libertate, la ciustitia e la pace in el mondo tienent per basse la reconoscentia de la dignitate intrinseca e de les dretos eguales et inalienabeles de totos les membros de la familia humana,
mxi	La familia ie l’elemento naturale e fondamentale de la societate e tiene dreto a la protectione de la societate e del Stato.
mxi	Tota persona tiene el dreto d’accesso, in conditiones d’egualtate, a las fontiones publicas del sieu paisse.
mxi	Toto individuo tiene dreto a la libbertate d’opinione e de spressione; aqueste dreto include aquele de non essere amoiato per more de las suas opiniones, aquele d’investigare e recevere informationes et opiniones, et aquele de diffondirlas, sine linzos de frontieras, per qualsevuolle more de spressione.
mxi	Considerando que la desconoscentia et el menospretio de les dretos humanos hant origenato actos de crudeltates bastoflantes per la conscientia de l’humanitate; e que s’ha proclammato, commo l’aspiratione plù alzata del homme, l’advenimento d’un mondo in que les esseres humanos, libberatos del pabbore e de la miseria, fruiant de la libbertate de paràvola e de la libbertate de credentias,
fvr	Na kwa nyét namá in kǒel áláŋ da̱ldɨ (dɨne) elaiŋ eeŋ ásáŋ dᵾó bi dᵾó baaj jírsíŋóꞌŋ na dééŋ tá̱á̱rɨ́ꞌŋ ta̱ɨma kee ná kin nîŋ ere ásáŋ ka̱lɨ á ta̱ɨmelba.
fvr	Dʉó bi dʉó nisil-si kee áláŋ ʉmel jáwíti, tina hǒoŋa-lé, na ásáŋ dɨoŋa dǐi kaye tááríꞌŋ, na pa̱rrɨ́ŋá ǎl terere ʉ́ndʉ́lá áláŋ kí sôŋgoŋa gé.
fvr	Dʉó bi dʉó nisil-si kee áláŋ ʉ́tóŋá nyéttiŋ sa̱ga̱lɨŋ tɨ̌ɨ dééŋ ba̱rʉ́.
fvr	Dʉó bi dʉó nisil-si kee áláŋ ruug ɨt bʉ́lóŋ ǎl jʉ́ndɨ áláŋ dééŋ suur ká̱kkɨ́ré-ii (da̱kkʉrɨŋ) na írí joo–si kee dééŋ suurꞌíŋ na dééŋ toŋꞌíŋ kwaꞌŋ, in namá in lóŋ áláŋ-si míŋ anni-le tuuŋ na̱mɨ́e-lé na jʉrɨŋa na jôŋꞌíŋ lóó na ɨpɨrɨŋꞌíŋ já̱lpʉ́ŋóla na dɨmorꞌíŋ ótáŋá, na áláŋ-si ruug kee ati in lóŋ ná hǒo ǎ̱w ná táárí ás keba, wala hǒo jaŋꞌíŋ ere, wala inná tʉyɨŋ wala gal nás a̱rɨ keer kee ná jɨ́gé áláŋ táárí júndí.
fvr	Inná ǎlbá ka̱rɨ́ŋ eréŋ kwa ásáŋ kwa-sí ás kǎwŋelba inná tiríjinníŋ jaiŋaꞌŋ ere, dáálíꞌŋ ere, da̱ldɨꞌŋ bá̱rʉ́ŋáꞌŋ ere, wala ba̱rᵾꞌŋ sabba ela–lé ǎl dᵾó dée-le kee ati in lóŋ ná térríŋ kɨrél wala gal nás ba̱rʉ keeríŋ-si domoŋaꞌŋ-si dǔu ka̱ɨ́ŋ wala gal ba̱rʉ nás ba̱rʉ keeríŋ taála-lé ka̱ɨ́ŋ nás kʉrɨŋ dééŋ ás keba namás jɨgéŋáꞌŋ-si dǔu ka̱ɨ́ŋ.
evn	эрэвэр ичэтчэнэ, Объединеннаил Нациял тэгэ̄лтын Уставду мэ̄нңи тэдедерӣвэт дукура, илэтыкин һэгдывэ̄н, со̄ткувэ̄н, бэел, асӣл-да урэ̄тывэ̄тын гӯнэ, илгэ̄рэ-дэ бэлэгэ̄ми социальнай прогрессту, аятмарит о̄ми илэл бидэ̄вэтын;
evn	Илэтыкин авадытыкин государстводук сурумчэ̄, тартыки эмэмчэ̄-дэ̄.
evn	Илэду татыган һэгдые, са̄рича̄нэ будерэн; тылинэ, маңӣчана, аяралдына-да̄ авадытыкир  тэгэ̄л  сигдылэ̄дутын.  Татыган  Объединеннаил  Нация Организациядутын аяралдыл дярин  тэдет бэлэгэ̄мэчин.
evn	Экун-мал эр Декларацияду эвки эсин тэдет таңивра, дялданэ – он эмаду-вал государстводу, умукэн-ну илэду һавалми-гу, оми-гу таргачир омачилва, эмал илэл тэделвэтын, тынмукилвэтын ачинңими, эр Декларация дукувналватын.
evn	Илэтыкин дэрумкичэ̄нма тэдет бимчэ̄, иргэчивэ  камничивунма һавады тырганӣ я-да, тамавдяри дэрумкичэ̄нмэ-дэ̄.
buc	Tsisi huluŋu mbu atou nguvu ihiditri an-shama.
buc	Trengwe djumla nampahei amba Matekelezo ki Dunia nin-Haki-l-Adamì itì
buc	Amin’ni fikurumianaŋa hakin-huluŋu, ndreka fihisianhuluŋu nafasi, raha retu djabi misi mupaka napetrakansharia. Makuswada nim-mupaka retu, izi ro faŋanovaŋa modeli ata fikuɓaliaŋa ndreka mastaha nin-haki ndreka nafasi nin-havaŋa ikueshi ; amin’ni fikusutehiaŋa kua, masharutwi nin-uɓinadamu, nin-utrulivu nin-trengwe ndreka fiatsaraŋa djumla nin-djamaã nin-ki nafasi.
buc	Ɓinadamu misi raha diasinyi ndreka izi amin’ni djamaã nazi ; amin’izi itì, fikuvambusan’ni tweraŋa nazi an-nafasi, iu tu ro raha isiani ruhusa maŋanu azi.
buc	Huluŋu djabi miraŋa an-lalaŋa ki sharia ndreka misi haki djabi ɓilà fifidanaŋa, an-hifadhwi miraŋa nin-sharia. Huluŋu djabi misi haki miraŋa an-sharia mikuhifadhwi huluŋu ndreka kula uɓanguzi mandeha kinyume ndreka Matekelezo itì, ndreka kula fikutsotsaŋa uɓanguzi itì.
pbu	هيڅ څوک نه شي کولے چې څوک په غلامۍ کښې وساتي۔ او د غلامانو را کړه ور کړه په هر ډول چې وي ممنوع ده۔
pbu	هر څوک حق لري د فکر، وجدان او مذهب له ازادۍ څخه ګټه واخلي: دا حق د مذهب يا عقيدې د تغيير او هم دا رنګه د ايمان او عقيدې د اظهار ضامن دي او هم پر مذهبي تعليماتو او ديني مراسمو په ترسره کولو شامل دي۔ هر څوک کولي شي له دغه حق څخه په انفرادي او يا ټولنيزه توګه په خصوصي او يا عمومي ډول ګټه واخلي۔
pbu	هيڅ څوک بايد په خپل سر توقيف، حبس او يا تبعيد نه شي۔
pbu	هر څوک حق لري چې دخپل او د خپلې کورنۍ ارامي، سلامتي او د ژوندانه سطح د خوراک، مسکن، طبي څارنو او لاريو د ټولنيزو خدمتونه له پلوه تامين کړي۔ او هم دا رنګه حق لري چې دبېکارۍ، معتوبتيا، ناتواني، ناروغتيا، کونډه کيدو او نورو ټولو مواردو کښې چې دانسان دارادي نه دباندي عواملو په وجه د ژوندانه اړتياوو پوره کولو وسايل له لاسه تللي وي اوابرومندانه ژوند له شرايطو څخه برخمن شي۔
pbu	هر څوک حق لري چې د خپلو ګټو د دفاع د پاره له نورو سره اتحاديې جوړې کړي او په اتحاديو کښې هم ګډون وکړي۔
bax	Nshié mún mâ njetne’ i yi mbe yu vé te kû tú mo’ mún, ké yi mshüshü’ i, ké yi ntûme’i te ngu.
bax	Pe nâ mvé gú puen nyütu pô te mbe kú ghét ngam pua ngúenengúe mbe te wûme nsebe pua pa mféékêt. Pen â ntúm te mbe kú rem ngam pua fabshe ngam, a nshi njîr’ap ne yi nshâne ngétne nga shap pô te wupme pontâ.
bax	Lo’ te ka a nta’ mi pa mféékêt mún nyütu kpa’ mbe yu shî te nsa’ngu mféékêt me shi’ mi a me yétne yi njit mún nyütu me ndînî ne pi’ tu te nsa’kpen pua yit mún te ngu na,
bax	Gû púen kpa’ na mbe pô ngúe ngúe mesù kèn mbi pit ngékét mféé kêt shi nsènte mbe te ka kèn ntúe’she wap ngúenengúe na. Gû yap ghékét ngúenengúe mféé kêt ntúe’she me shi’ yi nkú’ ranami yúe a nte pe nsùene yire nsa’ ngam ma, mo’ nké yétne yi nèn nshié rône yúe a nsüshe rane-mi na.
bax	Pa mvévé, te fakú, ghétkét mféé kêt yi nsho’ nga yu lére yùe pe yétne yi mfa ne pon pap na.
qxu	Kanmi derechonchis estudiananchispaq, hinaspa obligatorio escuela primariapi estudiananchispaq mana qolqeta pagaspalla. Kantaqmi derechonchis, allin estudiasqanchisman hina, secondariapipas, estudios superiorespipas estudiananchispaq.
qxu	Hinaspataqmi kasarasqaq wawanpas mana kasarasqaq wawanwanpas kaq derechoyoqllan kanchis qawasqa yanapasqa kananpaq.
qxu	Kanmi derechonchis huñunakunanchispaq, asambleapi hina, rimanakunanchispaq. Kantaqmi derechonchis asociacionta cooperativata ruwananchispaq.
qxu	Llapa nacionkuna kuskalla ruwayta atinku, chay llapa qawasqanchis derechonchiskuna ruwaspa kanapaq.
qxu	Llapan llank'aqpan kan derechonchis, llank'asqanchisman hina, allin pago chaskinapaq, familianchispas allin kawsaypi kananpaq, allin sumpayta chay pago aypananpaq.
tgl	Sapagkat ang mga Kasaping Estado ay nangako sa kanilang sarili na tamuhin sa pakikipagtulungan sa mga Bansang Nagkakaisa, ang pagtataguyod ng pandaigdig na paggalang at pagtalima sa mga karapatan ng tao at mga saligang kalayaan.
tgl	Ang bawat tao'y may karapatan sa edukasyon. Ang edukasyon ay walang bayad, doon man lamang sa elementarya at pangunahing antas. Ang edukasyong elementarya ay magiging sapilitan. Ang edukasyong teknikal at propesyonal ay gagawing maabot ng lahat at ang lalong mataas na edukasyon ay ipagkakaloob nang pantay-pantay sa lahat batay sa pagiging karapat-dapat.
tgl	Walang sino mang aalisan ng kanyang ari-arian nang walang katwiran.
tgl	Ang bawat tao'y may karapatan sa kapantay na bayad ng kapantay na gawain, nang walang ano mang pagtatangi.
tgl	Ang lahat ay pantay-pantay sa harap ng batas at may karapatan sa walang pagtatangi ng pangangalaga ng batas. Ang lahat ay may karapatan sa pantay na pangangalaga laban sa ano mang pagtatangi-tanging nalalabag sa Pahayag na ito at laban sa ano mang pagbubuyo sa gayong pagtatangi-tangi.
emk	Mɔɔ si bolo fen ma kan ka mina a la fanka bolo ma.
emk	Dannatanbikolu kɔdɔ, bɛɛ di se i kun karifadiya ɲinina jamana gbɛdɛ dɔ, i don ma kan ka jɛn a la.
emk	Mɔɔ tɛ se karabala ka ladon dɛɛ dɔ, dɛɛ min man di a ɲɛ.
emk	Adamaden kelen kelenna bɛɛ nii kakan ka lakanda, ka a la hɔrɔya lakanda, ka a kun nakanda.
emk	"Bani, bɛɛ bɛnni miriya kelen ma, ka a lɔ adamaya lasabati ma, wo ye wajibi le di bɛɛ ɲɛ, walako miriya wo ye se lataamala sila bɛɛ kan, ""ONU"" gbaraba bara a kandi: ko adamaden lakanda sariya ɲin bara kɛ dunuɲa bɛɛ ye wajibi di, sa bɛɛ ye a to i hankili la, ka i tɛsidi, ka mɔɔlu karan a la, ka alu jodon a la, ka a latinma jamanala tɛ."
nym	Kila munhu wina haki ya kubi na nsi.
nym	Ibanza lya Mahanga lyatangaja kubi banhu bose bubyalagwa na haki zilinganelile. I haki jiniji zimanichage, ja kuwako, zilangaje ku banhu bose. Secretary General
nym	nduhu munhu alataziwe nsabo yakwe bila nguno.
nym	Babyazi bali na haki ya kwandya kubasagulila bana babo ilimu iyo baliihaya.
nym	NGUNO giki ulu abanhu bakasaziwagwa kuhaya basole mashilanga kuzitula bushimba, kulema kwibonelwa na bahanya ba nsi Ilagilo lya Nsi lilabade haki jabo,
vai	ꗞ ꔰ ꔇꔀ ꖴꘋ ꗏꖺ ꘃ ꗞ ꕮ ꕒꔤꕩ ꕉ ꕧ ꕸꖃꔀ ꕮ ꕉꖷ ꗞ ꔇꔀ ꖴꘋ ꗏꖺ ꘃ ꕸꖃ ꔉꕖꕌ ꗞ ꕧꕌ ꔧ ꕉ ꕴꕱꕎ ꕉ ꕩꕌ ꕧ ꕸꖃ ꕸꖃꔀ ꗏ ꕘꕞꘋ.
vai	ꗪ ꕉ ꕮꕯ ꗞꗢ ꗬꗡ ꕩꕌ ꗓ ꘃ ꖏ ꘈꗢ ꖷ ꖸ ꖦꖕꕰꕊ ꗝꘈꔳꘂ (ꕮꕨꕧꕌ) ꖸ ꖴꗷ ꕢꕌ ꕉꖸ ꕮ ꕉ ꕞ ꗓꔒ ꕉꕜꕮ ꔔꘋ ꕞ ꗋꖺꕰꕊ ꖸ ꕞ, ꕉꔤ ꔳ ꖏ ꕚꕌꘂ ꕃꔤ ꗏꗒꗡ ꖏ ꗞꗢ ꖸ ꗬꗡ ꔧ ꕸꖃꔀ ꖸ ꗬꗡ ꕞ ꖏꕎ, ꘃꖷ ꕉ ꕞꕒꘋꗣ ꗏ ꗞ ꗏꗒ ꔰ ꔧ ꕪꘋ ꔰ ꕉꕜꕮ ꔔꘋ ꖸ ꗳ, ꕎꕌꔳ ꖷ ꕉꖸꔧ ꖏꕎꔀ ꖴꗷ ꘈꗢꖸ ꖸ ꗓꕎ ꖤꘋ ꗞ ꖸ ꖴꘋꗒ, ꕉꖸ ꕩꕌ ꔬꕩꕌ ꕉꖸ ꔵ ꕞ ꕉꖸꔧ ꗛꘋ ꗓ ꗋꖺꕰꕊ ꘈꗢꖸ ꖸ ꗪ ꖴꕮ ꕪ ꘈꗢꖸ ꖸ ꗛꖺ, ꗷꔤ ꖷ ꕉꖸꔧ ꗞ ꖸ ꕪꕌ ꕉꖸꔧ ꗞ ꖸ ꗓꕎ ꕃꕞ ꕮ, ꕉꖷ ꕉꖸꔧ ꕚꕌ ꕧꕌ ꗏꖺ ꖏ ꘈꗢꖸ ꖸ ꗏ ꗞꗢ ꖸ ꗳ ꕸꖃ ꖴꘋꗣ ꖸ ꗳꕮꕊ ꗏ, ꔧ ꗦ ꗞꗢ ꘃꖷ ꖸꔧ ꔳꕩ ꖨꕮꕊ ꖸ ꕮ ꕉꖸꕊ ꕃꔳꘂ ꗛꖺ.
vai	ꗞ ꔰ ꗋꖺꕰꕊꔒ ꖷ ꕉꔤ ꖏ ꘀꗫ ꗷꔤ ꖷ ꕉ ꕴꕱꕎ ꕉꖷ ꕉ ꕩꕌ ꕚꕌ ꗉ ꖏ ꗏ; ꕉꖷ ꗋꖺꕰꕊ ꘈꗢ ꗱ, ꕉ ꖴꘋ ꗞ ꖸ ꗻꗡꕩꕌ ꕮ ꖴꘋꗒ ꕪ ꔇꔀ ꖏꕎ ꕉꖷ ꗞ ꖷ ꕚ ꔇꔀ ꖏ ꔫꔤ ꗏ ꕉ ꕮ ꘃ ꖸ. ꕉꖷ ꕉ ꖴꘋ ꕀꔤ ꕮ ꗓ ꗏꖺꕎ, ꕉꔤ ꕀꔤ ꕮ ꗓ ꔬꕩ, ꕉꖷ ꕉꔤ ꕀꔤ ꕮ ꗓ ꗪ ꘈꔧ ꔇꔀ ꕃꕞ ꗷꔤ ꔰ ꗱ ꕉꖷ ꗞ ꕮ ꕸꖃ ꔉꕖ ꕉ ꕧꕌ.
vai	ꗞꗢ ꖸ ꔰ ꗋꖺꕰꕊꔒ ꖷ ꕉꖸꔧ ꕐꕌꕎ ꗏꗒꗡ ꗱꗡ ꗓ ꘃ ꗏꗒ ꕞ ꖏꕎ ꕉꖷ ꗞ ꗏ ꗓꖺ ꔰ ꕮ ꔳ ꕉ ꗏ.
vai	ꗞ ꔰ ꗋꖺꕰꕊꔒ ꖷ ꕉ ꕚꔤ ꔳ ꗝꘈꔳꘂ ꗏ ꕉ ꕧ ꕸꖃꔀ ꗏ ꕉ ꕎꕬ ꖝꖕꕯꕊ ꗱ ꖺ ꕉꕌ ꗸꔪꗽꘉꔎ ꗱ, ꕉ ꗷꔤ ꖷ ꕉꖸ ꖝꖕꕯꕊ ꖸ ꗪꗡ ꕞ ꕸꖃ ꗓ ꕉ ꕞ ꕾꔳ ꗏ.
gkp	A kɛ lənɛɛ nukan dɔɔi gaa maanɛ yɛnɛ nuan diə pɛli kweiwoo ɓoi, diə laa di maamɛni la, yi di hwa kɛ ɲɛimaaɲɔn da mɔnɔ di hu, ɓə kele yɛnɛnuan kaa bɔi.
gkp	Nui lɔpee a pɛli gbɔwɔ kiliɲahiə kɛi, niiɓa yiiɓo pələ hu. Mukulaa ɓa a pɛli niiɓa kalan gɛi, ə niiɓa yiiɓo juwu yii ɓo pələ hu.
gkp	Dɔn ɲɛi huwoo kaa nukele ɓa tanɔn, guloju hwə ma yɛ ə kɛ a huwu mɛni, gu kɔlɔ kɛpələ, gu lawoo, ɲaala mɛni kɛna bələ, kiliɲahie huwu lɔpe, nɛi hu yii ɓo pələ ɓa, hɛn jɔlɔɓo pələ pɔ da nukaapələ da zəĝei, yɛ ə kɛ a hulonu da nɛnu yilipulu, yɛ ə kɛ lɔi gaa gbɔɔɓa ju mun, yɛ ə kɛ a lɔi yi gaa nii məlan nɔi yemu a ju mun dɔn ɲɛi huwoo kaa nukele ɓa tanɔn.
gkp	Tɔɔi gaa nu yei yɛnɛyii hu da ŋɔɔ lɛgbɔɓa laa, maala kele hɔlɔɓoɔ ɲɛn lɔ gaama, ya ɓaa a məlaa diwɛi kɔwɔtɔi, kpɔmaa yii hu yi hulu mɛni hwə laa.
gkp	Pɛlɛn mə ɓa a kpɔmaayi hɔɔtɔma, əlɛ maala ka ɲei gbɔmayii ti da nɔi ɲɛitɔwɔ nuaan di maakɔŋɔn.
amc	Pishtacovin tzova jamun haruzquin jau nininyamatimunhcanquihqui.
amc	Coonrocon hiromaquin jau cuzahax jaton nutunohax joconvahin nututzan paxahi voyamaticanquihqui, jato jarixon chitunonvo. Ja jahanovomun cuunyamahi Naciones Unidasquihqui.
amc	Quiyoo jonivo nututzarazinohax ciudadadnotimunhcanquihnucanpu.
amc	Quiyoo nutunxon jato jaton nutun vonixo jaton nutun j ahahquicavizquin jato quinhtimunhcanquihnu, javi jaton quiricamahizha.
amc	Cooncovin hiromaquin jau cuzahazquinhcain tzova chanicanyamatimunhnucanpu, cooncovin hiromahavaun honanhamahton. Cooncovin hiromaxo honanxon jamuncovinrocon mushtun yohinon yohihoxanhquin tzova jonitzan yohixonon yohitimunhqui. Hichaxon nincaanovo jato nincaaquihintimun juesnucanpu, cuzaquin yohihira jonihquiqui jatonrivi nincaanovo.
bos	Niko se ne smije smatrati krivim za krivično djelo na temelju bilo kakvog čina ili propusta koji nisu predstavljali krivično djelo u smislu nacionalnog ili međunarodnog prava u vrijeme kada su oni bili počinjeni. Isto tako ne smije se izricati teža kazna od one koja se mogla primjeniti kada je krivično djelo počinjeno.
bos	Svako ima pravo da sam posjeduje imovinu, a isto tako da je posjeduje u zajednici s drugima.
bos	Svako ima pravo na rad, na slobodan izbor zaposlenja, na pravične i povoljne uvjete rada i na zaštitu od nezaposlenosti.
bos	Sva ljudska bića rađaju se slobodna i jednaka u dostojanstvu i pravima. Ona su obdarena razumom i sviješću i treba da jedno prema drugome postupaju u duhu bratstva.
bos	Svako ima pravo na slobodu mirnog okupljanja i udruživanja.
oaa	Ӈуивэддэ эӡилил баи аристоваира, эӡилил даппа̄, эӡилил хасаси.
oaa	Хамаче̄дда̄ чипа̄ли нари дорони бјӣни мэ̄нэ бо̄ӈуӡӡи мэ̄нэддэ силмапула нарисалӡидда ӡаӈге̄рами.
oaa	Хамаче̄дда̄ чипа̄ли нари доро̄ни бјӣни грасидануства̄ дапами.
oaa	Хамаче̄дда̄ чипа̄ли нари, хупанне̄, дорони бјӣни гэлэми сосиалинэи бэлэччурре̄ддэ̄, андупурре̄ддэ̄ на̄дамба мэ̄нэ дороббјӣ дапутабуӡӡи, мэ̄нэ маӈгабби гэвумэ балӡибуддо̄ни экономическиду, сосиалинэиду кулитурнэиду областиду гурума кусуӡӡи гуру-гурума гэсэ уилэӡӡи бэлэчимэри бо̄-бо̄ структурэ̄ннјӣ, ресурсэ̄нни хэттэ̄ини.
oaa	Хамаче̄дда̄ чипа̄ли нари на̄дассичи чипа̄ли доролбо, чипа̄ли гэвулбэ эсипчи деклара̄сијаду долдаппулалба хаивадда̄ хо̄нидда̄ эпулэ кадачче̄: гои халадда̄ биӡини, хэрэктэни силланидда гои биӡини, хусэнне̄ддэ̄-эктэнне̄ддобиӡини, кэсэниддэ̄ гои биӡини, религијанидда̄ гои биӡини, политическиддэ̄ гоиддэ тэдэни, гурумадда̄ сосиалинэиддэ̄ тэккэни биӡини, абдулусалдда̄, бајанӡисалдда̄ сјӣнэӡӡисэлддэ биӡини.
pes	هر کس حق دارد در برابر تعقیب شکنجه و آزار پناهگاهی جستجو کند و در کشورهای دیگر پناه اختیار کند.
pes	احدی را نمیتوان خودسرانه از حق مالکیت محروم نمود.
pes	هر کس حق دارد آزادانه در زندگی فرهنگی اجتماعی شرکت کند، از فنون و هنرها متمتع گردد و در پیشرفت علمی و فوائد آن سهیم باشد.
pes	از آنجا که اساساً حقوق انسانی را باید با اجرای قانون حمایت کرد تا بشر بعنوان آخرین علاج بقیام بر ضد ظلم و فشار مجبور نگردد،
pes	هر کس حق دارد در اداره امور عمومی کشور خود، خواه مستقیما و خواه با وساطت نمایندگانی که آزادانه انتخاب شده باشند شرکت جوید.
hsn	法律之前人人平等，并有权享受法律的平等保护，不受随么子歧视。人人有权享受平等保护，以免受违反本宣言的随么子歧视行为以及煽动咯种歧视的随么子行为之害。
hsn	随么子人当宪法或法律所赋予他的基本权利遭受侵害时，有权由合格的国家法庭对咯种侵害行为作有效的补救。
hsn	人人有思想、良心和宗教自由的权利；咯项权利包括别他的宗教或信仰的自由，以及单独或集体、公开或沕起以教义、实践、礼拜和戒律表示他的宗教或信仰的自由。
hsn	教育的目的在于充分发展人的个性并加强对人权和基本自由的尊重。教育在得促进各国、各种族或各宗教集团间的晓得、容忍和友谊，在得促进联合国维护和平的各项活动。
hsn	人人有权要求一种社会的和国际的下数，在咯种下数里头，咯宣言写记的权利和自由能获得充分实现。
slr	Kish toplumnihxi üyesi der, toplum garantisine dekhhxur dihxen hak var, haysiyeti ma kishiliki hürchukh gelishtirish dekhhxur dihxen iktisat, toplum ma kültür haklarine uygulashen dekhhxur dihxen hak var, bu ulusal ma uluslararasi tarzlar la, ulusal bünye ma kaynakden etgen.
slr	Heme kishler hayat, hürriyet ma emniyet varber dihxen hak var.
slr	Bu beyannamede pidish, nang ülke vosa, nang topluluk vosa ene kem vosa nang faaliyet vosa ene nang eylem vosa la bu beyannamede pidihxen haklarne ma hürriyetlerne bozhxan hak var, yeshamahxe.
slr	Kem vosa ilmi, edebi ene artistik üretimleriden chikhhxen manevi ma maddi faizlere korumane dekhhxur dihxen hak var.
slr	Hukuk iliside heme kishler adil der, hukuknihxi adil korumasi varber dihxen hak var, nang fark volsa varmahxe. Bu beyannamene bozber dihxen nang ayirt vosa ma bu ayirtne ayartber dihxen nang eylem vosanihxi zararine kachinishe vule, kishler adil koruma varber dihxen hak var.
oki	Chito agetogol koyanat en tayitop ngotutik.
oki	Chito agetogol nepo emoni kotinyey imanit nepo ripet en oratinik togol chepo yoindo kopuni toretetop sergalinyin ak emotinik chegoituyogei. Tinye imanitop kurpet togol chebo emenyin ak tesetaptai nenyinet
oki	Chito agetogol kotinyey imanda nepo mengetop emet.
oki	Piik cheech,tiepiosok ak ngetotik kotinyey imanit komutkey, sotech kanyuwan komomi terchinyet agetogol. Togol kotinyey imanda negergey en gomutisyet.
oki	Chito agetogol kotinyey imanda kochutkey ag gotet agetogol, tinyey imanda kongerekchi gasit isochut tesetap tay nepo ngalechono.
hni	Miavpyuq heq nil maq ceil lal,aqnu hhaqhav maq lavsiv laq meil e faqltiq yaol dal alnei,aqsol liq saqnei qiq kov dei laq meil meiqzaq bu'loq nei,loqleil nei ceilsoq qivq,xilmeil e ngaoq, aqyoq e meeqduq ssolnei meeqhhaq lo'qo,aqyoq hultav eilduv laq e miaoqzyul meiqzaq ceilsoq qivq.
hni	Soqhhaq meiq e ngaoq col e neema bi gaol lal movq balnei meiq e nga,goqjalkalla,colqa kalla ssolnei aqpyuq bavqhel e colba kalla,gaq ssol hhyul bi meeqlal movq,col ssolnei col alka maq bi deiqzaq, maq bi eilzzaq movq balnei soqhhaq meiq
hni	Colpyuq ssolnei yoqpyuq xil mavq dyu nei hu loq nia alngaoq,dalja neenyuq lo'qo miqnieiq aol meeq qivq gaoq. Xilmeil nei niaoq'aol,
hni	Laolngaoq col qiq hhaq ba zaq e goqjal, maq na aq milca e zeiqziif ssolnei siqzeif maq paoq ya leil nei, maq qiq qa meil maq hha bil,goqjif jolduq jolhhal maqpaoq ya leil nei maq qiq qa meil maq hha bil, noqya milhaoq ngaqya milhaoq hameilleil paoq mov paoq maq paoq movq taq.
hni	Aqsol liq yoqhhaq e neenyuq leil bo, neegaol leil bo,zaoljaof halmeil hhei movqleil bo nga; Xil kaoq laoq yoqhhaq e zaoljaof halmei pal movq halmeil qeq movq leil liq kevq,aqnu yoqhhaq qalsol meillaq,maq na siq aq zaoqgao meil laq, bilduvmeil laq,xieivhhovq meil laq leil yoqhhaq na dovq.
gld	Най таони, общество членни бими, нёани экономическай, социальнай, культурнэй удэду мэнэ гэбуи эурӣчэми, хэӈгэлди урэми балдигоани, нёани странадоани балди голосал гой-гой боаду балди голосалди гэсэ диа диавари бэлэчивэчи гэлэури. Тэй найсал таони правочи.
gld	Дёбой най таони, нёандоани, нёани дёӈкандоани иси туримбэ гэлэуриди правоку; турини исиасини осини, государство нёамбани бэлэчидиэни правоку.
gld	Хайва-да эй Декларацияду нирувухэмбэ, хавой-да государстводо-ну, найсал хопандоачи-ну, па̄ди найдо-ну правосалба гучи свободасалба абанагоами тагоачи правова бувуриэм, отолими ачаси.
gld	Уйвэ-дэ байта анадиани дяпаори, камалиори, пуӈнэури ачаси.
gld	Най таони нёани интересэвэни кандёй профсоюзава аӈгоми, тэй профсоюзачи ӣуми ая правоку.
prs	هر کس حق دارد در برابر تعقیب، شکنجه و آزار پناهگاهی جستجو کند و در کشورهای دیگر پناه اختیار نماید.
prs	هر کس حق دارد آزادانه مجامع و جمعیت‌های مسالمت‌آمیز تشکیل دهد.
prs	هر کس حق دارد که سطح زندگانی، سلامتی و رفاه خود و خانواده‌اش را از حیث خوراک و مسکن و مراقبتهای طبی و خدمات لازم اجتماعی تأمین کند و همچنین حق دارد که در مواقع بیکاری، بیماری، نقص اعضاء، بیوه شدن، پیری و یا در تمام موارد دیگری که به علل خارج از اردهٔ انسان وسائل  امرار معاش از دست رفته باشد از شرایط آبرومندانه زندگی برخوردار شود.
prs	هر کس حق دارد که از آزادی فکر، وجدان و مذهب بهره‌مند شود. این حق متضمن آزادی تغییر مذهب یا عقیده و همچنین متضمن آزادی اظهار عقیده و ایمان است و نیز شامل تعلیمات مذهبی و اجرای مراسم دینی میباشد. هر کس میتواند از این حقوق تنها یا همگانی با دیگران، به طور خصوصی یا بطور عمومی برخوردار باشد.
prs	هر کس حق دارد از حمایت منافع معنوی و مادی آثار علمی، فرهنگی یا هنری خود برخوردار شود.
iii	ꊿꑞꂷꉬꅉꂿ，ꋍꐥꐨ、ꑱꈐ、ꀀꅉꌋꆀꅇꈴꋍꑠꈀꏾꃅꇬꏢꇋꀋꉆ，ꋍꂒꅉꌋꆀꂒꉻꑠꏯꑌꁒꐀꀋꉆ，ꊿꂷꇬꐥꆏꏦꃤꇬꀧꌋꃅꌠꌅꐨꐥ，ꇬꏢꇋꇬꁒꐀꀋꉆ。
iii	ꊿꌌꅇ ꎹꌠꑞꂷꉬꅉꂿ，ꅔꀥꌠꌋꆀꄉꀧꈀꄻꅐ，ꄇꄜꋊꃅꌌꏦꃤꈴꄉꑿꀋꐥꀐꄷꍞꇽꂲꆽ，ꌌꑽꃤꀋꐥꃅꉜꌠꌅꐨꐥ。
iii	ꀉꂿꌋꆀꀉꑳꈜꈜꇈꇬꇇꀤꇇꄻꌠꌅꅍꐥ。ꀉꑳꂷꈀꐥꌠꀉꄉꀉꂿꐥꅀꀋꐥ，ꉬꇮꐯꌟꃅꐧꋦꇬꀧꌋꃅꌅꅍꐥꄡꑟ。
iii	ꉻꏑꇩꏤꏓꂱꐥꇯꌠꏦꃤꁢꊧꇬꊿꊇꌅꅍꊿꑌꇐꁌꐨꌋꆀꅪꃰꐥꒈꃅꐥꌠꌅꅍꑠꉈꑴꌌꉉꄜꋊ，ꄷꀋꁨꀋꎪꃅꄿꐨꊼꇅꀉꒉꃅꐥꌠꐧꋦꀒꁨꆹꌠꌋꆀꐥꐨꄺꅐꌠꀻꎆꆹꎻ。
iii	ꌺꃰꌋꅪꑍꂷꐯꇯꇬꉌꃹꈴꑲꆀꑮꉆ。
cnr	Brak se može sklopiti samo uz slobodan i potpun pristanak lica koja stupaju u brak.
cnr	Svako ima pravo da slobodno učestvuje u kulturnom životu zajednice, da uživa u umjetnosti i da učestvuje u naučnom napretku i u dobrobiti koja otuda proističe.
cnr	Svako ima pravo na slobodu misli, savjesti i vjeroispovijesti; ovo pravo uključuje slobodu promjene vjeroispovijesti ili uvjerenja i slobodu da čovjek sam ili u zajednici s drugima, javno ili privatno, ispoljava svoju vjeru ili uvjerenje podučavanjem, običajima, molitvom i obredom.
cnr	Pošto su se države članice obavezale da u saradnji s Ujedinjenim nacijama obezbijede opšte poštovanje i primjenu ljudskih prava i osnovnih sloboda;
cnr	Svako ima pravo da osniva sindikat i učlanjuje se u njega radi zaštite svojih interesa.
gan	人人有平等机会参加自简个国家个公务个权利。
gan	人人有权离任何国家，包括其本国在内，并有权返回渠个国家。
gan	人人有为维护渠个利益而组织跟参加工会个权利。
gan	任何人个任何行为或不行为，在渠发生时依国家法或国际法均冒构成刑事罪者，不许被判为犯有刑事罪。刑罚不许重似犯罪时适用个法律规定。
gan	任何人个财产任意剥夺不得。
cic	Hattakat nanna aaithana' ayakma̱ nannakat alhpi'saho̱ imano̱likma̱ chokma'ni.
cic	Hattak mó̱makat kanaho̱ naalhtoka' atookoli bannakmat imvoota'chi.
cic	Nannakat ikchokmoho̱ ishyámmo̱htok ki'yokya naapiisa' alhihaat nannalhpisa'a̱ i̱lánchikma̱ falammisht anompa achonhochi banna'nihookya yahma' ki'yo, naalhpisa'at ikshokí̱shtokootoko̱.
cic	Kanahaat nanna aayimmikat ittimi̱layyokha bíyyi'kahookya, nannaho̱ ayoppachi bannakmat ayoppacha'ni.
cic	Chipota mó̱makat holissaapisa' aya'nikat imalhpi'sa, ta'osso nannikimikshohookya. Kana mó̱makat nanna aaithana' aya bannakmat aya'ni.
piu	Maru tjutangku tjulkura tjutangkutarra palya tjapira pungkunytjaku tjukarurru wangkarra pungkunytjaku, kuntarrinytjawiyangku. Kutjupangkunta tjapintjangka palya nyuntu tjakultjunkunytjaku. Nyuntu wangka tjakultjunutja putu kulira palya nyuntu yankula yara kulilkitjangku tjapintjaku. Yaalytjiyaalytji tjukarurru, nyuntu kulilku. Kapamanta pina yalytjura ngaranytjaku kulira ngalya yaluntjaku nyaa nyuntu tjapiningka. Yarrkatjunkunytjawiyangku Kapamantangku yara tjukarurru tjakultjunkunytjaku nyuntulakutu.
piu	Wiya nyuntunya tjapira ngaranytjaku, ramantjaku nyuntupa walytja tjutatarra, Waala nyuntupangka wiya tjarrpanytjaku ngatjarri.
piu	Kaantjala tina (United Nations) nyinanyi yanangu yuwankarraku, pana yurungka parrari nyinapayi tjutaku. Palunya kaantjala ngurrara tjutangku kulini wati, kungka, maru tjuta, tjulkura tjuta, kutjupa tjutatarra liipula nyinanyi, wiya kutjupa tjutangku mingarrtjurringkula kutjupa tjuta pikangku pungkunytjaku. Yuwankarra kalypa kutu nyinanytjaku. Wiya kutjupa tjuta, kutjupa tjutaku mayutjurrinytjaku, yuwankarra liipula nyinanyi.
piu	Yanangu tjutakulampa tjukarurru palyantjaku yuutjupilangka waarrkarripayi tjutangku. Ngaa tjutanyatarra tjukarurru purinypangku yantayantantjaku, kungka pipirri wiimatjarra, pipirri kutjupa tjutatarra tina tjutanya, wiima tjutanya.
piu	Wiyalpi pungkunytjaku kutjupa kutjupa tjutanya.
mzi	Tse xkojo tjin xi tjinma tjinjina,ma mindise ko ngindie tsie nga jmmiijinxi tsabana,jmi ndasenjin tajnia nangini.
mzi	Nga ndindie xuta ngatsen de’e ko ngondsejen ngatjin-kjua nga xchandinkon nt’a ngondsejen ngatjin kokjin-tokon,kotjinkjua nga takie engajan skuendinkon xkjin.
mzi	Ngadindie inchjín xi naa ngo jakjandí,chjenga ndasian xki,tikuinii tse kia katsen t’a na’mii ngojo naa,ngojotse katsen sobáa, chjenga ngo ndsen sian xki.
mzi	Tay’a xutani ma fatjó nangi,kotima faengani tse xkojo mejen nga k’osien ngani nangi.
mzi	Tjinkjua nga seen kjay’a xuta nga kuitsama tsabe nga’a ko chiba ngatjabee nga seenxá ko xki nga koe nga seen kjay’a ngatamachjíi.
hea	Laib laib gof jab nongt vel ait vel xit vut dax.
hea	Laix laix maix quaif lit dot laib gof jif.
hea	Laix laix maix quaif lit zif jeef xit des zit lif nongf bangf gof jab, ax dot ghax tongb got zit yef hvuk dot dol dait biaox id mongl zit lix.
hea	Laix laix maix pinf denx jib huit mongl caib jab nongf bangf gof jab bangf gongb wut.
hea	Dol daib pik dail jangs hlieb yangx, maix quaif lit mognl khat yangl niangb, ait jangx ib zaid, dol quaif lit nongd ax yens minf quf, gof jif haib zongb jaot xeet cit. Nenx ob laib niangb diot gid ait khat nongd, niangb diot zas jeef hunb id, niangb diot zas was khat dliat khat id, yent gaib maix pinf denx quaif lit.
lns	Sá’yeé Kitu Ke Nsay Yee Kùm Ghay Wìr Msòŋ Rən, ji mfì’ njiìn yee réŋ fo wíri wùn à vitúm vi vidzə̀m, e dú e máy jiwìr wò’ón mò’ón wùn à Vintati veé wòŋ vi, mo á lem s’’a’rə̀n ghán sidzə̀m e vifii, a wiy a mùm e mvèm yè’éy wùn à duŋrìi fó a tavír ghvém gháy sìn wùn a vitaáví vin vi, shishár shishàr, e mvém wóŋ wùn ákitu ke nsay fó yiì, aá kiíy e kfə̀n a lèm kijuujùŋ e mvèm wìr veé vitum ve dzəəŋ ŋgàŋ si wún à wír veé vitum ve áwune sar sá’rə̀n vi.
lns	Yìy wùn wàn kér ghay fó a ker leéy wùn àsə́ yee jeéyí. Wón adzə̀m ve a dzəən kìn é mvə̀m tátí vijin kìn é visàkii kér ghay réŋréŋ fó a dzə à kiŋèn é dzə̀’ə̀m.
lns	Mo wìr dzə̀`m kiiy ghay sìn wùn à vitaáví vin vi, kí dzə̀ é shií fo ŋkà’mé vèn wáa dzə eyiìn, Mo kí dzəə̀n ben, Dzə’ə̀m Ye Ku’ùne
lns	Tátí vijiné kù dzə́ cá’ a dzə̀ cá’ a dzə̀ fo Wiíy wùn Lùmèn ve á biimen fo áwune vitu ji dzə̀ á wàa dzə.
lns	Mo kí dzəə̀n é shií fóo yiì é vitúm vi wáa kòŋnén,
kkh	ᨴᩩᨠᨤ᩠ᨶᩫᨾᩦᩈᩥᨴ᩠ᨵᩥᩓᩢᨻ᩠ᨦᩈᩁᨽᩣ᩠ᨷ ᨲᩣ᩠ᨾᨴᩦ᩵ᨯᩱᩢᨠ᩵ᩣ᩠ᩅᩅᩱᩢᨶᩱᨡᩳ᩶ᨠᨲᩥᨠᩣᩋ᩠ᨶᩢᨶᩦ᩶ ᨯᩰ᩠ᨿᨷᩢᨯᩱᩢᨲᩯ᩠ᨠᨲ᩵ᩣ᩠ᨦᨠ᩠ᨶᩢ ᨷᩢᩅᩤ᩵ᩋ᩠ᨶᩢᨯᩱ ᩉᩮ᩠ᨾᩨᩁᩅᩤ᩵ ᨩᩮ᩠ᩋᩨ᩶ᨩᩣ᩠ᨲ ᨹ᩠ᩅᩥ ᨻ᩠ᨿᨯ ᨽᩣᩈᩣ ᩈᩣᩈᨶᩣ ᨣ᩠ᩅᩣ᩠ᨾᨣ᩠ᨯᩧᩉ᩠ᨶᩢᨴᩤ᩠ᨦᨠᩣ᩠ᩁᨾᩮ᩠ᨦᩨ ᩉᩕᩨᨴᩤ᩠ᨦᩋ᩠ᨶᩨ᩵ᪧ ᨩᩣ᩠ᨲᨩᩮ᩠ᩋᩨ᩶ ᩈ᩠ᨦᩢᨣ᩠ᨾᩫ ᩈᩫ᩠ᨾᨷ᩠ᨲᩢ ᨩᩣ᩠ᨲᨠᩮ᩠ᨯᩨ ᩉᩕᩨᩈᨳᩣᨶᩋ᩠ᨶᩨ᩵ᪧ ᨳᩯ᩠ᨦᩢᨷᩕᨠᩣ᩠ᩁᩉ᩠ᨶᩧ᩵ᨦ ᨷᩢᨾᩦᨣ᩠ᩅᩣ᩠ᨾᨲᩯ᩠ᨠᨲ᩵ᩣ᩠ᨦᨠ᩠ᨶᩢ ᨷᩢᩅᩤ᩵ᨴᩤ᩠ᨦᨠᩣ᩠ᩁᨾᩮ᩠ᨦᩨ ᨠᩣ᩠ᩁᩈᩣ᩠ᩁᨠᩣ᩠ᩁᩃᩩᨾ ᨠᩣ᩠ᨦᨲ᩵ᩣ᩠ᨦᨷᩤ᩠ᨶᩢᨲ᩵ᩣ᩠ᨦᨾᩮ᩠ᨦᩨ ᩉᩕᩨᨠᩣ᩠ᩁᨶᩱᨯ᩠ᨶᩥᨯᩯ᩠ᨶᨴᩦ᩵ᨤ᩠ᨶᩫᩋᩣᩈᩱ᩠ᨿᩀᩪ᩵ ᨷᩢᩅᩤ᩵ᨯ᩠ᨶᩥᨯᩯ᩠ᨶᨶᩦ᩶ᨧᩢᨸᩮ᩠ᨶᩑᨠᩁᩣ᩠ᨩ ᩀᩪ᩵ᨶᩱᨣ᩠ᩅᩣ᩠ᨾᨸ᩠ᨠᩫᨣᩕ᩠ᩋᨦᨡ᩠ᩋᨦᨲ᩠ᨶᩫ ᩉᩕᩨᩀᩪ᩵ᨲᩱᩢᩋᩴᩣᨶᩣ᩠ᨧᨲ᩠ᨶᩫᨯᩱᪧᨴ᩠ᨦᩢᩈᩢ᩠ᨿᨦ
kkh	ᨤ᩠ᨶᩫᨹᩪᩢᨯᩱᪧ ᨧᩢᨳᩪᨠᩉᩮ᩠ᨯᩉᩮ᩠ᨾᩨᩁᨸᩮ᩠ᨶᨡᩢᩣ ᨡᩣ᩠ᨿᨸᩮ᩠ᨶᨯ᩠ᨦᩢ᩵ᨡᩢᩣᨩᩱᩢ ᨣᩤᩢᨡᩣ᩠ᨿᨤ᩠ᨶᩫᨸᩮ᩠ᨶᨡᩢᩣ ᩉᩢᩣ᩠ᨾᨴᩩᨠᪧᩀ᩵ᩣ᩠ᨦ
kkh	ᨴᩩᨠᨤ᩠ᨶᩫᨾᩦᩈᩥᨴ᩠ᨵᩥᨴᩦ᩵ᨧᩢᨯᩱᩢᨠᩣ᩠ᩁᩁ᩠ᨠᩢᨧᩣ᩠ᨠᩈᩣ᩠ᩁᨡ᩠ᩋᨦᩁ᩠ᨮᩢ ᨧᩣ᩠ᨠᨠᩣ᩠ᩁᩋ᩠ᨶᩢᨯᩱᩢᨳᩪᨠᩃ᩠ᩅ᩵ᨦᩃᩢᩴᩣ ᨲᩣ᩠ᨾᨴᩦ᩵ᨲ᩠ᨶᩫᨾᩦᩈᨴ᩠ᨵᩥᨲᩣ᩠ᨾᨠ᩠ᨭᩫᩉ᩠ᨾᩣ᩠ᨿᨸᩮ᩠ᨦᩨᨾᩮ᩠ᨦᩨ
kkh	ᨾᨶᩩᩔ᩼ᨴ᩠ᨦᩢᩉᩖᩣ᩠ᨿᨠᩮ᩠ᨯᩨᨾᩣᨾᩦᨻ᩠ᨦᩈᩁᩓᩢᨹ᩠ᨿ᩵ᨦᨻ᩠ᨿᨦᨠ᩠ᨶᩢ ᨶᩱᨠᩥᨲ᩠ᨲᩥᩈ᩠ᨠᩢ ᩓᩢᩈᩥᨴ᩠ᨵᩥ ᨲ᩵ᩣ᩠ᨦᨣᩳ᩶ᨣᩢᨾᩦᨾᨶᩮᩣᨵᨾ᩠ᨾ᩼ᩓᩢ ᨣ᩠ᩅᩁᨷᨭᩥᨷ᩠ᨲᩢᨲᩳ᩵ᨠ᩠ᨶᩢᨯᩢ᩠ᩅ᩠ᨿᨣ᩠ᩅᩣ᩠ᨾᨹ᩠ᨿ᩵ᨦᨻ᩠ᨿᨦᨠ᩠ᨶᩢ
kkh	ᨴᩩᨠᨤ᩠ᨶᩫᨾᩦᩈᩥᨴ᩠ᨵᩥᨴᩦ᩵ᨧᩢᩋ᩠ᩋᨠᨶ᩠ᩋᨠᨷᩕᨴᩮ᩠ᩈᩱᨯᩢ ᩁ᩠ᩅᨾᨻᩱᨳ᩠ᨦᩨᨷᩕᨴᩮ᩠ᩈᨡ᩠ᩋᨦᨲ᩠ᩅᩫᨠᩮᩢ᩵ᩣ ᩓᩢᨠᩣ᩠ᩁᨻ᩠ᩋᨠᨤ᩠ᨶᩨᨾᩣᨿ᩠ᨦᩢᨷᩕᨴᩮ᩠ᩈᨡ᩠ᩋᨦᨲ᩠ᨶᩫ
